proquest-dissertation,,,,,,,,,,,,,,,,,,
Title,Subtitle,Author,Publication,SourceType,Publisher,Volume,Issue,PubDate,AlphaDate,StartPage,EndPage,PageRange,ISSN,EISSN,ISBN,Language,DocumentUrl,DOI
"The Technology Adoption Model for Cloud Computing, Storytelling Artificial Intelligence, and the Federal Risk and Authorization Management Program",,"Jackson, Freeman Augustus",ProQuest Dissertations and Theses,Dissertations & Theses,,,,2024-01-01,2024,,,,,,9.79838E+12,ENG,https://www.proquest.com/docview/2955907218?accountid=15181&bdid=109695&_bd=QRGXCtICcUgwOYNTFUqnNpMND4A%3D,
"More Applicable Text Classification with Human-in-the-Loop: Patterns, Frameworks, and Tools",,"Andersen, Jakob Smedegaard",PQDT - Global,Dissertations & Theses,,,,2024-01-01,2024,,,,,,9.79835E+12,ENG,https://www.proquest.com/docview/3143984917?accountid=15181&bdid=109695&_bd=EVuE9fkWrqgtlHYvuxKdXntLgQM%3D,
Context-Aware Machine Learning for Low-Burden Brain-Computer Interfaces,,"de Wit, T. Warren",ProQuest Dissertations and Theses,Dissertations & Theses,,,,2024-01-01,2024,,,,,,9.79838E+12,ENG,https://www.proquest.com/docview/3084670643?accountid=15181&bdid=109695&_bd=1FdO6vRX4kE3IiX3IUCCQa5TwnA%3D,
Embedded in Informality: Political Economy of Platform Work in India,,"Chintala, Swati Reddy",ProQuest Dissertations and Theses,Dissertations & Theses,,,,2024-01-01,2024,,,,,,9.79838E+12,ENG,https://www.proquest.com/docview/3072191523?accountid=15181&bdid=109695&_bd=%2BXB4Tx9uHk3w29BfexW2KO7%2F0zs%3D,
Gene Set Anomaly Score: A Genomic Data and Knowledge Driven Approach for Analysing Anomalous Gene Expression in Cancer Patients,,"Kamal, Md Sarwar",PQDT - Global,Dissertations & Theses,,,,2023-01-01,2023,,,,,,9.79838E+12,ENG,https://www.proquest.com/docview/2901815266?accountid=15181&bdid=109695&_bd=Mt2P8uATh04zCwUffT09KWXJc20%3D,
The Integration of AI and Involved Humans into Decision-Making Structures: A Multiple-Case Study,,"Wahler, Fabian Rüdiger",ProQuest Dissertations and Theses,Dissertations & Theses,,,,2025-01-01,2025,,,,,,9.79831E+12,ENG,https://www.proquest.com/docview/3175900951?accountid=15181&bdid=109695&_bd=JMuESECS2fj2pk03XNh8LlkWbtM%3D,
Safety Engineering of Computational Cognitive Architectures within Safety-Critical Systems,,"Dreany, Harry Hayes",ProQuest Dissertations and Theses,Dissertations & Theses,,,,2018-01-01,2018,,,,,,978-0-355-63162-3,ENG,https://www.proquest.com/docview/2013312506?accountid=15181&bdid=109695&_bd=r5GUk55bziBcNPpm6Yj0j0R1kwc%3D,
"The Evolving Role of Programmers in an AI-Chatbot Dominated World: Challenges, Adaptation Strategies, and Future Prospects",,"Le, Hanh",ProQuest Dissertations and Theses,Dissertations & Theses,,,,2024-01-01,2024,,,,,,9.79838E+12,ENG,https://www.proquest.com/docview/3117977902?accountid=15181&bdid=109695&_bd=ICEgWlmRYeNDv63SOMyMkstNX28%3D,
Exploring Algorithmic Literacy for College Students: An Educator’s Roadmap,,"Archambault, Susan Gardner",ProQuest Dissertations and Theses,Dissertations & Theses,,,,2022-01-01,2022,,,,,,9.79884E+12,ENG,https://www.proquest.com/docview/2706673106?accountid=15181&bdid=109695&_bd=wBV9UNcf7uvLJu5zWVYuN8rXLQ8%3D,
Artificial Neural Networks in Public Policy: Towards an Analytical Framework,,"Lee, Joshua A.",ProQuest Dissertations and Theses,Dissertations & Theses,,,,2020-01-01,2020,,,,,,9.79866E+12,ENG,https://www.proquest.com/docview/2427238273?accountid=15181&bdid=109695&_bd=7cWhEgz8cqyFrcYeoX6fwqw7n%2FY%3D,
Where the Wild Things Are: Computer Vision for Global-Scale Biodiversity Monitoring,,"Beery, Sara Meghan",ProQuest Dissertations and Theses,Dissertations & Theses,,,,2023-01-01,2023,,,,,,9.79838E+12,ENG,https://www.proquest.com/docview/2898870216?accountid=15181&bdid=109695&_bd=OzC6ZwC6Jy8rIES7hOeIfkXIDpM%3D,https://doi.org/10.7907/m4mt-2q51
Essays on Online Platforms and Human-Algorithm Interaction,,"Moehring, Alex",ProQuest Dissertations and Theses,Dissertations & Theses,,,,2024-01-01,2024,,,,,,9.7983E+12,ENG,https://www.proquest.com/docview/3171962953?accountid=15181&bdid=109695&_bd=CvIAE5RJU9KcAHVP8kHpgSbNEOg%3D,
Designing Human-Centered Algorithms for the Public Sector: A Case Study of the U.S. Child Welfare System,,"Saxena, Devansh",ProQuest Dissertations and Theses,Dissertations & Theses,,,,2023-01-01,2023,,,,,,9.79838E+12,ENG,https://www.proquest.com/docview/2835781583?accountid=15181&bdid=109695&_bd=M3NPr2XR3vI91Fr2t0BLOvDLCjQ%3D,
Revealing and Mitigating Harmful Assumptions and Behaviors in Human-Autonomy Teaming,,"Chang, Christine T.",ProQuest Dissertations and Theses,Dissertations & Theses,,,,2024-01-01,2024,,,,,,9.79838E+12,ENG,https://www.proquest.com/docview/3100430138?accountid=15181&bdid=109695&_bd=s1xwk9FzHDAj1FKSqj9kGJyw0u4%3D,
AI Enhanced Reasoning: Augmenting Human Critical Thinking With AI Systems,,"Danry, Valdemar M.",ProQuest Dissertations and Theses,Dissertations & Theses,,,,2023-01-01,2023,,,,,,9.79838E+12,ENG,https://www.proquest.com/docview/3031029446?accountid=15181&bdid=109695&_bd=gSK0QLulUSmC9GcQJAfdsNBBMxk%3D,
Beyond Labels and Captions: Contextualizing Grounded Semantics for Explainable Visual Interpretation,,"Aakur, Sathyanarayanan Narasimhan",ProQuest Dissertations and Theses,Dissertations & Theses,,,,2019-01-01,2019,,,,,,9.78109E+12,ENG,https://www.proquest.com/docview/2295446231?accountid=15181&bdid=109695&_bd=L18IPneOu%2FnPoSYcCMqRrIRsWKs%3D,
A Critical Study of Geospatial Algorithm Use in Crime Analysis and Predictive Policing,,"Weathington, Katy",ProQuest Dissertations and Theses,Dissertations & Theses,,,,2020-01-01,2020,,,,,,9.79862E+12,ENG,https://www.proquest.com/docview/2395725853?accountid=15181&bdid=109695&_bd=%2BhqUasprurKmR%2BrmtL64wSPaem8%3D,
Quantitative Neuroimaging with Handcrafted and Deep Radiomics in Neurological Diseases,,"Lavrova, Elizaveta",PQDT - Global,Dissertations & Theses,,,,2024-01-01,2024,,,,,,9.79838E+12,ENG,https://www.proquest.com/docview/3110364682?accountid=15181&bdid=109695&_bd=H0TIRBLv3P3M4hDGcEmFeMJFv%2F8%3D,
SenseMate: An AI-Based Platform to Support Qualitative Coding,,"Overney, Cassandra",ProQuest Dissertations and Theses,Dissertations & Theses,,,,2023-01-01,2023,,,,,,9.79838E+12,ENG,https://www.proquest.com/docview/3031032282?accountid=15181&bdid=109695&_bd=38HHCpAH75M1QGEfHcUQf0BCso0%3D,
Explainable AI for High-Stakes Decision-Making,,"Carmichael, Zachariah",ProQuest Dissertations and Theses,Dissertations & Theses,,,,2024-01-01,2024,,,,,,9.79838E+12,ENG,https://www.proquest.com/docview/3064867539?accountid=15181&bdid=109695&_bd=BxxH17Nx1Uyif1jRzZw1LrNMfZk%3D,
Transportation Mode Choice Behavior in the Era of Autonomous Vehicles: The Application of Discrete Choice Modeling and Machine Learning,,"Lee, Sangwan",ProQuest Dissertations and Theses,Dissertations & Theses,,,,2022-01-01,2022,,,,,,9.79883E+12,ENG,https://www.proquest.com/docview/2687764542?accountid=15181&bdid=109695&_bd=ErriKODsYL02bAT301EtHnkqu70%3D,
Cyborg Psychology: The Art & Science of Designing Human-AI Systems That Support Human Flourishing,,"Pataranutaporn, Pat",ProQuest Dissertations and Theses,Dissertations & Theses,,,,2024-01-01,2024,,,,,,9.7983E+12,ENG,https://www.proquest.com/docview/3171136435?accountid=15181&bdid=109695&_bd=r1IqnN8nRxCu5rOLA5tbh0QeziI%3D,
Artificial Intelligence in Practice,,"Lebovitz, Sarah",ProQuest Dissertations and Theses,Dissertations & Theses,,,,2020-01-01,2020,,,,,,9.79864E+12,ENG,https://www.proquest.com/docview/2404407253?accountid=15181&bdid=109695&_bd=uaAkMqbmWy%2FES4981DIVRs4Ls70%3D,
"Unconscious Bias on the Implementation and Utilization of Emerging Technologies by Law Enforcement Agencies, and Effects on the Security and Privacy of Citizens in Florida: A Case Study of Florida",,"McMullen, Trei",ProQuest Dissertations and Theses,Dissertations & Theses,,,,2025-01-01,2025,,,,,,9.79831E+12,ENG,https://www.proquest.com/docview/3192204026?accountid=15181&bdid=109695&_bd=irVYL%2FMoRaAaWNxmIp6Pblzk3E0%3D,
Transparent Value Alignment: Foundations for Human-Centered Explainable AI in Alignment,,"Sanneman, Lindsay",ProQuest Dissertations and Theses,Dissertations & Theses,,,,2023-01-01,2023,,,,,,9.79838E+12,ENG,https://www.proquest.com/docview/3030980771?accountid=15181&bdid=109695&_bd=7ixatMty4F6fi3hpDC53rV1eoQc%3D,
"Trustworthy Machine Learning: Learning Under Security, Explainability and Uncertainty Constraints",,"Le, Thai Quang",ProQuest Dissertations and Theses,Dissertations & Theses,,,,2022-01-01,2022,,,,,,9.79884E+12,ENG,https://www.proquest.com/docview/2700375408?accountid=15181&bdid=109695&_bd=NSNYep%2BVYG%2F2dBa3sRxg5CKqHWY%3D,
Towards Actionable Data Science Systems: An End-User Approach,,"Jung, Ju Yeon",ProQuest Dissertations and Theses,Dissertations & Theses,,,,2022-01-01,2022,,,,,,9.79837E+12,ENG,https://www.proquest.com/docview/2780687260?accountid=15181&bdid=109695&_bd=OMu27xibdzXrltivUW04rkJ9Z7s%3D,
Designing Explainable Autonomous Driving System for Trustworthy Interaction,,"Tang, Chen",ProQuest Dissertations and Theses,Dissertations & Theses,,,,2022-01-01,2022,,,,,,9.79835E+12,ENG,https://www.proquest.com/docview/2724206546?accountid=15181&bdid=109695&_bd=1Ej%2F3MOjr%2F%2BJxqhK2r6SszoA%2F0U%3D,
A Lightweight Deep Learning Framework for Real-Time Detection of Industrial Traumatic Brain Injuries,,"Cobbina, Akosua",ProQuest Dissertations and Theses,Dissertations & Theses,,,,2025-01-01,2025,,,,,,9.79832E+12,ENG,https://www.proquest.com/docview/3212956479?accountid=15181&bdid=109695&_bd=f5lnhFZQkb6lNW56M%2B5Vg7TFeY8%3D,
"Of Discussions, Beliefs, and Algorithms: Essays in Experimental Economics",,"Biermann, Jan",PQDT - Global,Dissertations & Theses,,,,2024-01-01,2024,,,,,,9.79831E+12,ENG,https://www.proquest.com/docview/3195715890?accountid=15181&bdid=109695&_bd=MsrPb5Ko5IiA5oASI85WHgNy6nM%3D,
Lightly Supervised Machine Learning for Wireless Signals,,"Sanz, Joshua",ProQuest Dissertations and Theses,Dissertations & Theses,,,,2024-01-01,2024,,,,,,9.79831E+12,ENG,https://www.proquest.com/docview/3175890439?accountid=15181&bdid=109695&_bd=JIR1IREYkGevmCe8MPr6%2FJPv7UM%3D,
Exploring the Underutilization of AI in Courtroom Decision-Making Processes,,"Hilliard, Dominique L.",ProQuest Dissertations and Theses,Dissertations & Theses,,,,2025-01-01,2025,,,,,,9.79832E+12,ENG,https://www.proquest.com/docview/3206741491?accountid=15181&bdid=109695&_bd=%2FMgdARVbdzdGBkVVnvQsxtrMg3w%3D,
Gremlin: Goes Radar Estimation via Machine Learning to Inform NWP,,"Hilburn, Kyle Aaron",ProQuest Dissertations and Theses,Dissertations & Theses,,,,2023-01-01,2023,,,,,,9.79838E+12,ENG,https://www.proquest.com/docview/2908252663?accountid=15181&bdid=109695&_bd=J%2BxnAKIfIc259AFa0%2BvGHew%2F%2FwM%3D,
"Cultural-Social Motivation Model and Stem Employee Retention: A Quantitative, Correlational Study",,"Rehorn, Becky",ProQuest Dissertations and Theses,Dissertations & Theses,,,,2024-01-01,2024,,,,,,9.7989E+12,ENG,https://www.proquest.com/docview/3119868270?accountid=15181&bdid=109695&_bd=JFf6ENpjaW2sNr%2Fvb%2BYRKnMQ8qY%3D,
Linguistically-Inclusive Natural Language Processing,,"Samson, Tan Min Rong",PQDT - Global,Dissertations & Theses,,,,2022-01-01,2022,,,,,,9.79837E+12,ENG,https://www.proquest.com/docview/2787194407?accountid=15181&bdid=109695&_bd=exHS9vafFXSOedcHqwfV8vEvt%2BI%3D,
How Artificial Intelligence Will Power Emergency Preparedness and Response for Small Modular Reactors,,"Rockabrand, Ryan",ProQuest Dissertations and Theses,Dissertations & Theses,,,,2025-01-01,2025,,,,,,9.79831E+12,ENG,https://www.proquest.com/docview/3196021776?accountid=15181&bdid=109695&_bd=iV5t46pv2MWiBV6f5hiRuDE96Pk%3D,
Techniques for Interpretability and Transparency of Black-Box Models,,"Zhou, Yilun",ProQuest Dissertations and Theses,Dissertations & Theses,,,,2023-01-01,2023,,,,,,9.79838E+12,ENG,https://www.proquest.com/docview/2848459141?accountid=15181&bdid=109695&_bd=ivK70I8XmRfRR3POzuAUl66C8vc%3D,
Learning the Language of Biomolecular Interactions,,"Sledzieski, Samuel",ProQuest Dissertations and Theses,Dissertations & Theses,,,,2024-01-01,2024,,,,,,9.7983E+12,ENG,https://www.proquest.com/docview/3171666550?accountid=15181&bdid=109695&_bd=fYJGpumQp09N%2BKxe%2FapriWRBYqs%3D,
Game Theoretical Adversarial Deep Learning Algorithms for Robust Neural Network Models,,"Chivukula, Aneesh Srivallabh",PQDT - Global,Dissertations & Theses,,,,2020-01-01,2020,,,,,,9.79838E+12,ENG,https://www.proquest.com/docview/2877961635?accountid=15181&bdid=109695&_bd=skRqPyr8XIkcgY2dWtW%2BZ2gLGDg%3D,
The Power of Perception in Human-AI Interaction: Investigating Psychological Factors and Cognitive Biases That Shape User Belief and Behavior,,"Lee, Eunhae",ProQuest Dissertations and Theses,Dissertations & Theses,,,,2024-01-01,2024,,,,,,9.7983E+12,ENG,https://www.proquest.com/docview/3171510627?accountid=15181&bdid=109695&_bd=WpAcnlq7zflZwuGslzvDHIEFxBg%3D,
The Individual’s Perception of AI and Its Effects on the Organization’s AI Initiatives,,"Petersen, Catherine",ProQuest Dissertations and Theses,Dissertations & Theses,,,,2024-01-01,2024,,,,,,9.79838E+12,ENG,https://www.proquest.com/docview/3106292066?accountid=15181&bdid=109695&_bd=jP4XEb%2ByNVrPr4%2BdXcobSjx5bJw%3D,
"Queering Futures with Data-driven Speculation: The Design of an Expanded Mixed Methods Research Framework Integrating Quantitative, Qualitative, and Practice-based Modes",,"Westbrook, Jess Parris",ProQuest Dissertations and Theses,Dissertations & Theses,,,,2024-01-01,2024,,,,,,9.79838E+12,ENG,https://www.proquest.com/docview/3058416208?accountid=15181&bdid=109695&_bd=KqYTMPTKAItXalWyFJaFvIVaKqM%3D,
Evidence Evaluation in Biomedical Knowledge Graphs for Pharmaceutical Discovery,,"Yang, Jeremy Joseph",ProQuest Dissertations and Theses,Dissertations & Theses,,,,2022-01-01,2022,,,,,,979-8-209-91029-9,ENG,https://www.proquest.com/docview/2645879860?accountid=15181&bdid=109695&_bd=pQe2JHyaolR1zp1hToC2T%2FDnAxU%3D,
Artificial Intelligence (AI) and Worker Selection Criteria: A Pathway to Fair Hiring and Positive Organizational Outcomes,,"Ledbetter, Kwema J.",ProQuest Dissertations and Theses,Dissertations & Theses,,,,2024-01-01,2024,,,,,,9.79831E+12,ENG,https://www.proquest.com/docview/3174316853?accountid=15181&bdid=109695&_bd=02f1fruVYVqqr8uERKxcU%2FNEe24%3D,
Transfer Learning in Natural Language Processing through Interactive Feedback,,"Yuan, Michelle",ProQuest Dissertations and Theses,Dissertations & Theses,,,,2022-01-01,2022,,,,,,9.79835E+12,ENG,https://www.proquest.com/docview/2719424809?accountid=15181&bdid=109695&_bd=kvVjQFXK7%2BE218D09oK%2F%2B6dqtyg%3D,
Functional Components as a Paradigm for Neural Model Explainability,,"Fiacco, James",ProQuest Dissertations and Theses,Dissertations & Theses,,,,2023-01-01,2023,,,,,,9.79838E+12,ENG,https://www.proquest.com/docview/2920003879?accountid=15181&bdid=109695&_bd=SRgTTf4KlKA2%2FViUqusNuwDzC6E%3D,
An Application of the Unified Theory of Acceptance and Use of Technology (UTAUT) Model for Exploring Business Intelligence in the Nonprofit Sector,,"Asante, Collins",ProQuest Dissertations and Theses,Dissertations & Theses,,,,2025-01-01,2025,,,,,,9.79831E+12,ENG,https://www.proquest.com/docview/3194001281?accountid=15181&bdid=109695&_bd=Nd9Jj3Uzer4Hcr%2BkFl4YXPNA6ns%3D,
Designing Feedback for Collocated Teams Using Multimodal Learning Analytics,,"Barzola, Vanessa Echeverria",PQDT - Global,Dissertations & Theses,,,,2020-01-01,2020,,,,,,9.79838E+12,ENG,https://www.proquest.com/docview/2877963126?accountid=15181&bdid=109695&_bd=D5JQi5hcB31KA0OoepHTzObEXpE%3D,
Enhancing Partnership Quality: Unlocking AI's Impact on B2B Partnerships,,"Schneller, Timothy M.",ProQuest Dissertations and Theses,Dissertations & Theses,,,,2025-01-01,2025,,,,,,9.79831E+12,ENG,https://www.proquest.com/docview/3186230760?accountid=15181&bdid=109695&_bd=oOBHqWjH6RdPMuU2GJ15S4r56FE%3D,
"The Accountability, Responsibility & Governance as a Unified Strategy for AI",,"Kurre, John",ProQuest Dissertations and Theses,Dissertations & Theses,,,,2024-01-01,2024,,,,,,9.7983E+12,ENG,https://www.proquest.com/docview/3163016683?accountid=15181&bdid=109695&_bd=LaC8jxyNijTyQ9%2BcJ%2FalUeoTy%2F0%3D,
Physiology-Inspired Deep Learning for Improved Heart Failure Management,,"Schlesinger, Daphne E.",ProQuest Dissertations and Theses,Dissertations & Theses,,,,2024-01-01,2024,,,,,,9.7983E+12,ENG,https://www.proquest.com/docview/3171666546?accountid=15181&bdid=109695&_bd=r2XifswUTnAbYTPTIhKYAKpjZHc%3D,
Self-Healing Robust and Fair Neural Networks via Optimal Control,,"Chen, Zhuotong",ProQuest Dissertations and Theses,Dissertations & Theses,,,,2024-01-01,2024,,,,,,9.79834E+12,ENG,https://www.proquest.com/docview/3123627170?accountid=15181&bdid=109695&_bd=g0MIZGYJSHKv0hBMZe%2FD1VH6OHw%3D,
Automating Multimodal Data Storytelling for Embodied Team Learning,,"Fernández Nieto, Gloria Milena",PQDT - Global,Dissertations & Theses,,,,2022-01-01,2022,,,,,,9.79838E+12,ENG,https://www.proquest.com/docview/2833240744?accountid=15181&bdid=109695&_bd=SumAuQz93b%2Ba2maTMps4x1A25A8%3D,
Building Equity for English Language Learners: Technology Employees in Fortune 500 Companies,,"Travis, Karen Anne",ProQuest Dissertations and Theses,Dissertations & Theses,,,,2022-01-01,2022,,,,,,9.79836E+12,ENG,https://www.proquest.com/docview/2755912006?accountid=15181&bdid=109695&_bd=PlMBMhMEgVQN9g5ND%2BqLANcmNAQ%3D,
The Intersection of Artificial Intelligence in Human Resource Management: An Exploration of Talent Communication,,"Votto, Alexis Megan",ProQuest Dissertations and Theses,Dissertations & Theses,,,,2023-01-01,2023,,,,,,9.79838E+12,ENG,https://www.proquest.com/docview/2853753859?accountid=15181&bdid=109695&_bd=NppGZJhFbRUTMG%2BXypify3774mM%3D,
Intuitive Human-Understandable AI Models Based on Fuzzy Neural Network,,"Ou, Liang",PQDT - Global,Dissertations & Theses,,,,2024-01-01,2024,,,,,,9.79835E+12,ENG,https://www.proquest.com/docview/3132879944?accountid=15181&bdid=109695&_bd=nnt9CA3kM9I51jXglf1PQI1cjAE%3D,
Opportunity-Solution-Outcome Universal Design for Learning in Theory and Practice,,"Bowes, Danielle Marie",ProQuest Dissertations and Theses,Dissertations & Theses,,,,2024-01-01,2024,,,,,,9.79838E+12,ENG,https://www.proquest.com/docview/3055591223?accountid=15181&bdid=109695&_bd=ORzOf57f1MuyxzAS4lBOKt9yfHI%3D,
When Artificial Intelligence Is Part of the Process: Global Leaders’ Beliefs and Algorithmic Decision-Making,,"Voda, Ruxandra A.",ProQuest Dissertations and Theses,Dissertations & Theses,,,,2022-01-01,2022,,,,,,9.79835E+12,ENG,https://www.proquest.com/docview/2715493330?accountid=15181&bdid=109695&_bd=yEQqvaJdDvlraRgl1SL7S3QKlzw%3D,
To Explore and Understand the Factors Influencing the Addition of Artificial Intelligence (AI) Skills to the U.S. Cybersecurity Workforce,,"Ragunathan, Ragu",ProQuest Dissertations and Theses,Dissertations & Theses,,,,2024-01-01,2024,,,,,,9.79838E+12,ENG,https://www.proquest.com/docview/3064676381?accountid=15181&bdid=109695&_bd=FfBWj4HQpHQ5wA2fXrr5YjxF8Uk%3D,
Documentation as a Tool for Algorithmic Accountability,,"Curtis, Taylor Lynn",ProQuest Dissertations and Theses,Dissertations & Theses,,,,2024-01-01,2024,,,,,,9.7983E+12,ENG,https://www.proquest.com/docview/3172178811?accountid=15181&bdid=109695&_bd=k5%2BF1l2H3HbjYj0eBkYf8Et6Vxo%3D,
Leveraging Humans to Detect and Fix Representation Misalignment,,"Peng, Andi",ProQuest Dissertations and Theses,Dissertations & Theses,,,,2023-01-01,2023,,,,,,9.79838E+12,ENG,https://www.proquest.com/docview/2848806767?accountid=15181&bdid=109695&_bd=wQ51T6TsR4H9dgXqYDTjlZovDhk%3D,
Automated Early Prediction of Cerebral Palsy: Interpretable Pose-Based Assessment for the Identification of Abnormal Infant Movements,,"McCay, Kevin D.",PQDT - Global,Dissertations & Theses,,,,2022-01-01,2022,,,,,,9.79885E+12,ENG,https://www.proquest.com/docview/2714864790?accountid=15181&bdid=109695&_bd=7tRg8GDm%2B%2FBobsteR5m0Bs1TWlU%3D,
Explanation-Based Scientific Natural Language Inference,,"Valentino, Marco",PQDT - Global,Dissertations & Theses,,,,2022-01-01,2022,,,,,,9.79837E+12,ENG,https://www.proquest.com/docview/2778643096?accountid=15181&bdid=109695&_bd=ze60c2a5HvNUhgcgDbyM0k6CHEU%3D,
Human-Machine Collaboration in Real-World Machine-Learning Applications,,"Roberts, Claudia Veronica",ProQuest Dissertations and Theses,Dissertations & Theses,,,,2023-01-01,2023,,,,,,9.79837E+12,ENG,https://www.proquest.com/docview/2773882338?accountid=15181&bdid=109695&_bd=kAr2Af8FJBykK%2B9G5MFLTKvwdY0%3D,
A Generic Qualitative Inquiry on Cyber Professionals' Perceptions of Risk Tolerance Strategies on the Internet of Things Cyber Resilience,,"Wagner, Lily Y.",ProQuest Dissertations and Theses,Dissertations & Theses,,,,2024-01-01,2024,,,,,,9.79835E+12,ENG,https://www.proquest.com/docview/3148716226?accountid=15181&bdid=109695&_bd=4Xr8L%2FiO3kpGHn6eqz8rJFNTCJM%3D,
The Effects of Untrained Healthcare Professionals in Utilizing Artificial Intelligence,,"Dontu, Sravanthi",ProQuest Dissertations and Theses,Dissertations & Theses,,,,2025-01-01,2025,,,,,,9.79831E+12,ENG,https://www.proquest.com/docview/3204519894?accountid=15181&bdid=109695&_bd=PzLvYXwe5jMrVT0tt8w8jNaS6ew%3D,
Explainable Deep Learning Approach for Detecting Money Laundering Transactions in Banking System,,"Kute, Dattatray Vishnu",PQDT - Global,Dissertations & Theses,,,,2022-01-01,2022,,,,,,9.79838E+12,ENG,https://www.proquest.com/docview/2833602804?accountid=15181&bdid=109695&_bd=U2djZXHfoHyDyz6zwsg%2BRLmTUvs%3D,
The Science and Art of Human and Artificial Intelligence Collaboration,,"Groh, Matthew",ProQuest Dissertations and Theses,Dissertations & Theses,,,,2023-01-01,2023,,,,,,9.79838E+12,ENG,https://www.proquest.com/docview/3030965998?accountid=15181&bdid=109695&_bd=v5CAwetl83fT3HV55gUVw0HRlB8%3D,
Subsurface Digital Twin and Emergence,,"Zhao, Yushi",ProQuest Dissertations and Theses,Dissertations & Theses,,,,2023-01-01,2023,,,,,,9.79838E+12,ENG,https://www.proquest.com/docview/3030902152?accountid=15181&bdid=109695&_bd=KR7odouZHPvb80xszA6vRJ8vLY8%3D,
Explainable-AI in Multiview Facial Authentication Using Automatic Image Segmentation,,"Alsawwaf, Mohammad",PQDT - Global,Dissertations & Theses,,,,2021-01-01,2021,,,,,,9.79838E+12,ENG,https://www.proquest.com/docview/2877960633?accountid=15181&bdid=109695&_bd=fvCnaji6siSrixjM%2BCmbRX%2F%2FoaY%3D,
Framing TRUST in Artificial Intelligence (AI) Ethics Communication: Analysis of AI Ethics Guiding Principles through the Lens of Framing Theory,,"Nagar, Namrata",ProQuest Dissertations and Theses,Dissertations & Theses,,,,2022-01-01,2022,,,,,,9.79885E+12,ENG,https://www.proquest.com/docview/2721197134?accountid=15181&bdid=109695&_bd=37JyFUqyFlVDEjHG5BVAczxbFJ0%3D,
An Exploratory Study of Risk Quantification Loss Event Frequency (LEF) Approaches Using the Factor Analysis of Information Risk (FAIR) Model in Non-Financial Risk Areas,,"Gowen, James L., Jr.",ProQuest Dissertations and Theses,Dissertations & Theses,,,,2023-01-01,2023,,,,,,9.79838E+12,ENG,https://www.proquest.com/docview/3051278826?accountid=15181&bdid=109695&_bd=1ZCx%2F2vjNh9I8oNgcyIKSggt2GU%3D,
Best Practices Policy for Commercial Artificial Intelligence Deployment: A Modified Delphi Study,,"McClean, Timothy W.",ProQuest Dissertations and Theses,Dissertations & Theses,,,,2025-01-01,2025,,,,,,9.79832E+12,ENG,https://www.proquest.com/docview/3206719573?accountid=15181&bdid=109695&_bd=VU%2BwIGFndq1OOTPij2NMkrb2dbU%3D,
"Robot Explanations: Preferences, Generation, and Communication",,"Han, Zhao",ProQuest Dissertations and Theses,Dissertations & Theses,,,,2021-01-01,2021,,,,,,9.79846E+12,ENG,https://www.proquest.com/docview/2582827819?accountid=15181&bdid=109695&_bd=bpCq9Ex9x%2BNVqsKd1r4rRCfX70E%3D,
Creating Interpretable Data-Driven Approaches for Remote Health Monitoring,,"Ghods, Alireza",ProQuest Dissertations and Theses,Dissertations & Theses,,,,2023-01-01,2023,,,,,,9.79838E+12,ENG,https://www.proquest.com/docview/2867107280?accountid=15181&bdid=109695&_bd=mYcNxSgwd8mxDgou178EZEDEd6o%3D,
Privacy Attacks and Defenses Under Security Threats in Machine Learning,,"Zhou, Shuai",PQDT - Global,Dissertations & Theses,,,,2024-01-01,2024,,,,,,9.79835E+12,ENG,https://www.proquest.com/docview/3132879809?accountid=15181&bdid=109695&_bd=rSrLjwb%2F7AjHVsOnXLzuyK5Aucw%3D,
Training Human-AI Teams,,"Mozannar, Hussein",ProQuest Dissertations and Theses,Dissertations & Theses,,,,2024-01-01,2024,,,,,,9.7983E+12,ENG,https://www.proquest.com/docview/3170654288?accountid=15181&bdid=109695&_bd=2KUNXxNDydSsp%2Fx95AfRtgQ0Dgw%3D,
MATLAB-Based Simulation of Autonomous Vehicle Detection and Pedestrian Safety at Signalized Intersection During Right Turns,,"Sulle, Methusela",ProQuest Dissertations and Theses,Dissertations & Theses,,,,2025-01-01,2025,,,,,,9.79832E+12,ENG,https://www.proquest.com/docview/3206152228?accountid=15181&bdid=109695&_bd=ZwdlDLU47tzxkD8a4O2XWJOOqOk%3D,
Empowering Humans in Human-AI Decision Making,,"Lai, Vivian",ProQuest Dissertations and Theses,Dissertations & Theses,,,,2022-01-01,2022,,,,,,9.79885E+12,ENG,https://www.proquest.com/docview/2707594030?accountid=15181&bdid=109695&_bd=OYpAL%2BU%2FqwpyYJxrthUyX67kmB8%3D,
Hybrid Service Delivery - Purposeful Integration and Design of Artificial Intelligence for the Automation and Augmentation of Online Service Encounters,,"Poser, Mathis",PQDT - Global,Dissertations & Theses,,,,2023-01-01,2023,,,,,,9.79838E+12,ENG,https://www.proquest.com/docview/2901809645?accountid=15181&bdid=109695&_bd=PzgdMBKezBZN%2FenQ%2BYByIt5w%2FnI%3D,
Toward Robust Stress Detection Using Real-World Data and Multimodal Learning,,"Hosseini, Seyedmajid",ProQuest Dissertations and Theses,Dissertations & Theses,,,,2025-01-01,2025,,,,,,9.79832E+12,ENG,https://www.proquest.com/docview/3206360415?accountid=15181&bdid=109695&_bd=inysOyBrDn%2B8S9hYlMTsk7BXi0o%3D,
Empowering Users on Social Media for Better Content Credibility,,"Jahanbakhsh, Farnaz",ProQuest Dissertations and Theses,Dissertations & Theses,,,,2023-01-01,2023,,,,,,9.79835E+12,ENG,https://www.proquest.com/docview/3132849909?accountid=15181&bdid=109695&_bd=QL%2B22KwqJ2gkZpexufRqEz4fAQY%3D,
Scaling up Recognition in Expert Domains with Crowd-Source Annotations,,"Wang, Pei",ProQuest Dissertations and Theses,Dissertations & Theses,,,,2022-01-01,2022,,,,,,9.79837E+12,ENG,https://www.proquest.com/docview/2768687637?accountid=15181&bdid=109695&_bd=LsFON6n2osWc37nSrk9ss1qS%2BnE%3D,
Designing Time Bound Human-Robot Interfaces,,"Bermiss, Hassan E.",ProQuest Dissertations and Theses,Dissertations & Theses,,,,2021-01-01,2021,,,,,,979-8-209-99236-3,ENG,https://www.proquest.com/docview/2650005426?accountid=15181&bdid=109695&_bd=ZWYxVky87HJU6d72U9aLjiKijjI%3D,
An Exploratory Study: Implications of Machine Learning and Artificial Intelligence in Risk Management,,"Scarpino, Joshua P.",ProQuest Dissertations and Theses,Dissertations & Theses,,,,2022-01-01,2022,,,,,,9.79836E+12,ENG,https://www.proquest.com/docview/2731478908?accountid=15181&bdid=109695&_bd=KT6l3ISke5fye%2FTAZnwGqEq0dGE%3D,
U.S. AI Policy – A Balancing Act,,"Hetrick, Ryan T.",ProQuest Dissertations and Theses,Dissertations & Theses,,,,2023-01-01,2023,,,,,,9.79838E+12,ENG,https://www.proquest.com/docview/3031029945?accountid=15181&bdid=109695&_bd=u8k3GuMC51E83U0YBAC7ka5HKdY%3D,
Machine Learning and Inference Methods for Surrogate Modeling and Inexpensive Characterization of Elastodynamic Systems,,"Ogren, Alexander Charles",ProQuest Dissertations and Theses,Dissertations & Theses,,,,2024-01-01,2024,,,,,,9.79834E+12,ENG,https://www.proquest.com/docview/3122641300?accountid=15181&bdid=109695&_bd=zJdAn7b4RFkD8wAps8aqPjNrJGc%3D,https://doi.org/10.7907/dcbz-sj62
Mediating Trust and Influence in Human-Robot Teams via Multimodal Communication and Explanation for Mental Model Alignment,,"Tabrez, Aaquib",ProQuest Dissertations and Theses,Dissertations & Theses,,,,2024-01-01,2024,,,,,,9.79838E+12,ENG,https://www.proquest.com/docview/3100484273?accountid=15181&bdid=109695&_bd=18iiPD1c6oz7iKZr93UrlsCzrwE%3D,
The Predictive Relationship Between Big Data Technology Adoption and Employee Job Performance in Healthcare,,"Nnabuike, Gloria Chinonye",ProQuest Dissertations and Theses,Dissertations & Theses,,,,2025-01-01,2025,,,,,,9.79831E+12,ENG,https://www.proquest.com/docview/3200068645?accountid=15181&bdid=109695&_bd=rVx6AKPAfYEvNu8FDrtSHmeA%2F%2B0%3D,
User-Centered Deep Learning for Medical Image Analysis,,"Liang, Yuan",ProQuest Dissertations and Theses,Dissertations & Theses,,,,2022-01-01,2022,,,,,,9.79879E+12,ENG,https://www.proquest.com/docview/2638757200?accountid=15181&bdid=109695&_bd=amSnXninsqRlQgMg%2FaQkfQLGYhQ%3D,
Explaining and Improving Deep Neural Networks Via Concept-Based Explanations,,"Wickramanayake, Sandareka Kumudu Kumari",PQDT - Global,Dissertations & Theses,,,,2021-01-01,2021,,,,,,9.79835E+12,ENG,https://www.proquest.com/docview/2723855716?accountid=15181&bdid=109695&_bd=mrjLLGMQINSqGV%2F9sEpYcqeLqwU%3D,
"Trust, AI, and Synthetic Biometrics",,"Tinsley, Patrick",ProQuest Dissertations and Theses,Dissertations & Theses,,,,2024-01-01,2024,,,,,,9.79838E+12,ENG,https://www.proquest.com/docview/3064730366?accountid=15181&bdid=109695&_bd=IJWFSk%2BbQ%2BPf63gvUUrGW42iomg%3D,
Using Qualitative Preferences to Guide Schedule Optimization,,"Wells, Tesla",ProQuest Dissertations and Theses,Dissertations & Theses,,,,2023-01-01,2023,,,,,,9.79838E+12,ENG,https://www.proquest.com/docview/2848818901?accountid=15181&bdid=109695&_bd=00n0KC4IfNCQfGeB0I3NsWGkRu4%3D,
Useful Interpretability for Real-World Machine Learning,,"Singh, Chandan",ProQuest Dissertations and Theses,Dissertations & Theses,,,,2022-01-01,2022,,,,,,9.79835E+12,ENG,https://www.proquest.com/docview/2719022047?accountid=15181&bdid=109695&_bd=a2r5eE1OP%2FV1lXXUj0kzRZUm2ys%3D,
Transparent Representation Learning for Graphs and Human-AI Collaboration,,"Kosan, Mert",ProQuest Dissertations and Theses,Dissertations & Theses,,,,2023-01-01,2023,,,,,,9.79838E+12,ENG,https://www.proquest.com/docview/2858597521?accountid=15181&bdid=109695&_bd=BSbEBm1JQbcFw90vpRloy2BnhxM%3D,
Quantitative Correlation Analysis of Trust Issues in AI Systems,,"Singasani, Tejesh Reddy",ProQuest Dissertations and Theses,Dissertations & Theses,,,,2024-01-01,2024,,,,,,9.79835E+12,ENG,https://www.proquest.com/docview/3142708818?accountid=15181&bdid=109695&_bd=tUxfoC31VOWO2NDrVCwQc8qwBgU%3D,
Quantitative Correlational Analysis of Factors Affecting Privacy Perceptions Towards AI Devices,,"Borra, Chandrakanth Reddy",ProQuest Dissertations and Theses,Dissertations & Theses,,,,2024-01-01,2024,,,,,,9.79834E+12,ENG,https://www.proquest.com/docview/3121565788?accountid=15181&bdid=109695&_bd=IMh26eLNaPqsSskzYwRlomvhPrE%3D,
Orthopedic Surgeons and Generative AI: Navigating the Perception– Adoption Gap Amidst Rapidly Advancing Digital Technologies in Healthcare,,"Schmidt, Rainer Matthias",ProQuest Dissertations and Theses,Dissertations & Theses,,,,2024-01-01,2024,,,,,,9.79838E+12,ENG,https://www.proquest.com/docview/3098123281?accountid=15181&bdid=109695&_bd=IaIYfnpLh9O%2BQqrK5lv8eKgB7GE%3D,
Context and Participation in Machine Learning,,"Suresh, Harini",ProQuest Dissertations and Theses,Dissertations & Theses,,,,2023-01-01,2023,,,,,,9.79838E+12,ENG,https://www.proquest.com/docview/2848464755?accountid=15181&bdid=109695&_bd=gMsF5z5sVCjSvY9JTqLYAiHcXns%3D,
Learning to Calibrate Trust Through Explainability,,"Chesser, Amber F.",ProQuest Dissertations and Theses,Dissertations & Theses,,,,2023-01-01,2023,,,,,,9.79838E+12,ENG,https://www.proquest.com/docview/2894671056?accountid=15181&bdid=109695&_bd=5GVOPPc%2B0W7Zk3%2Bczokyt%2BlCY7I%3D,
Values by Design Imaginaries: Exploring Values Work in UX Practice,,"Wong, Richmond Yuet-Ming",ProQuest Dissertations and Theses,Dissertations & Theses,,,,2020-01-01,2020,,,,,,9.79838E+12,ENG,https://www.proquest.com/docview/2928157433?accountid=15181&bdid=109695&_bd=PKCrhsxgtwlq2g6sa1ES2j31MvY%3D,
Data-Driven Advances in Materials Discovery: From Crystal Structure Prediction to Synthesis Design and Property Analysis of BiFeO3 Thin Films,,"Baibakova, Viktoriia",ProQuest Dissertations and Theses,Dissertations & Theses,,,,2024-01-01,2024,,,,,,9.79831E+12,ENG,https://www.proquest.com/docview/3175897397?accountid=15181&bdid=109695&_bd=gK%2FfbsdlbpdU5JmA62Q3og%2FRdwI%3D,
An Exploratory Study of the Impacts of Artificial Intelligence and Machine Learning Technologies in the Supply Chain and Operations Field,,"Kalasani, Rohith Reddy",ProQuest Dissertations and Theses,Dissertations & Theses,,,,2023-01-01,2023,,,,,,9.79838E+12,ENG,https://www.proquest.com/docview/2878182412?accountid=15181&bdid=109695&_bd=Bm0H6M9RPnrjWhXdZ%2BnEyJIIQCk%3D,
Deep Representation Learning for Biomedical Text Mining,,"Ebadi, Nima",ProQuest Dissertations and Theses,Dissertations & Theses,,,,2021-01-01,2021,,,,,,9.79876E+12,ENG,https://www.proquest.com/docview/2615122795?accountid=15181&bdid=109695&_bd=6xia%2B9SMx%2FDih9jBqvGbqmR%2FYfc%3D,
Artificial Intelligence vs. Human Coaches: A Mixed Methods Randomized Controlled Experiment on Client Experiences and Outcomes,,"Barger, Amber",ProQuest Dissertations and Theses,Dissertations & Theses,,,,2024-01-01,2024,,,,,,9.79838E+12,ENG,https://www.proquest.com/docview/3055851674?accountid=15181&bdid=109695&_bd=AgsDx5zvgJ5%2FRLa1T9sstmnr8kk%3D,
An End-To-End Cloud-Based Solution for Optimal Attention Network Topology in Real-Time Applications,,"Sarraf, Saman",ProQuest Dissertations and Theses,Dissertations & Theses,,,,2022-01-01,2022,,,,,,9.79882E+12,ENG,https://www.proquest.com/docview/2672315501?accountid=15181&bdid=109695&_bd=F8FoUDbqfZwU82ziZc7lYEOH3O4%3D,
Extensions and Applications of Deep Probabilistic Inference for Generative Models,,"Wu, Mike Hongfei",ProQuest Dissertations and Theses,Dissertations & Theses,,,,2022-01-01,2022,,,,,,9.79835E+12,ENG,https://www.proquest.com/docview/2723858207?accountid=15181&bdid=109695&_bd=I89wyp0T7ZQnP1x8ojLogqcCobg%3D,
Marionette: A Neurorobotics Toolchain for the Neuromorphic Control of Tendon-Driven Systems,,"Chakravarthi Raja, Suraj",ProQuest Dissertations and Theses,Dissertations & Theses,,,,2023-01-01,2023,,,,,,9.79838E+12,ENG,https://www.proquest.com/docview/2866237863?accountid=15181&bdid=109695&_bd=8oX1zT%2BFtJt0LC5WfZbkL0uspd8%3D,
Detecting Fine-Grained Semantic Divergences to Improve Translation Understanding Across Languages,,"Briakou, Eleftheria",ProQuest Dissertations and Theses,Dissertations & Theses,,,,2023-01-01,2023,,,,,,9.79838E+12,ENG,https://www.proquest.com/docview/2874169427?accountid=15181&bdid=109695&_bd=QYN8%2BN%2FeW4d1bMuZuJ3nHuxe8qs%3D,
Sonic Mindfulness: A Qualitative Study of Sense of Agency and an Improvisational State of Mind in Free Form Musical Improvisation,,"Sol, William Ashley",ProQuest Dissertations and Theses,Dissertations & Theses,,,,2021-01-01,2021,,,,,,9.79851E+12,ENG,https://www.proquest.com/docview/2544027757?accountid=15181&bdid=109695&_bd=I2qQP5X8ncTXT8FOFmljptJsAqA%3D,
Sense-Making Machines,,"Sarathy, Vasanth",ProQuest Dissertations and Theses,Dissertations & Theses,,,,2020-01-01,2020,,,,,,9.79868E+12,ENG,https://www.proquest.com/docview/2457553435?accountid=15181&bdid=109695&_bd=3HcJes%2FxoCOTuIy3e0cABLdha1Q%3D,
The Principal–Agent Alignment Problem in Artificial Intelligence,,"Hadfield-Menell, Dylan Jasper",ProQuest Dissertations and Theses,Dissertations & Theses,,,,2021-01-01,2021,,,,,,9.79838E+12,ENG,https://www.proquest.com/docview/2884056303?accountid=15181&bdid=109695&_bd=LKVe4D0Qxu8yrI1z%2Bxoua6zRDsU%3D,
The Dynamics of Attention in Digital Ecosystems,,"Epstein, Ziv",ProQuest Dissertations and Theses,Dissertations & Theses,,,,2023-01-01,2023,,,,,,9.79838E+12,ENG,https://www.proquest.com/docview/3031032280?accountid=15181&bdid=109695&_bd=EybGmCN%2FddJKD8XFDmCtMhAmK5k%3D,
Learning from Temporally-Structured Human Activities Data,,"Lipton, Zachary C.",ProQuest Dissertations and Theses,Dissertations & Theses,,,,2017-01-01,2017,,,,,,978-0-355-54519-7,ENG,https://www.proquest.com/docview/1985128636?accountid=15181&bdid=109695&_bd=5B0hsAzlRasVQih1VkvrwtWLgU4%3D,
Privacy-Aware Artificial Intelligence in Systems Medicine,,"Matschinske, Julian Oskar",PQDT - Global,Dissertations & Theses,,,,2023-01-01,2023,,,,,,9.79835E+12,ENG,https://www.proquest.com/docview/3143978621?accountid=15181&bdid=109695&_bd=q6HVWrjeIxbR8%2B%2F4ysvZyy9DD70%3D,
"How Do We Design Robots Equitably? Engaging Design Justice, Design Fictions, and Co-Design in Human-Robot Interaction Design and Policymaking Processes",,"Ostrowski, Anastasia K.",ProQuest Dissertations and Theses,Dissertations & Theses,,,,2023-01-01,2023,,,,,,9.79838E+12,ENG,https://www.proquest.com/docview/3030977740?accountid=15181&bdid=109695&_bd=xLKK4jezs4Vst%2BLbzvXQIzkmdrk%3D,
Redistributing the Costs of Volumetric Denial-of-Service Mitigation,,"DeLaughter, Samuel",ProQuest Dissertations and Theses,Dissertations & Theses,,,,2023-01-01,2023,,,,,,9.79838E+12,ENG,https://www.proquest.com/docview/3030902154?accountid=15181&bdid=109695&_bd=Ptcv7LhmDTg29LviT5Pigo2rEdo%3D,
"Understanding Social Media Influence, Semantic Network Analysis, and Thematic Campaign Campaign Classification Using Machine Learning",,"Johnson, Nathan",ProQuest Dissertations and Theses,Dissertations & Theses,,,,2022-01-01,2022,,,,,,9.7988E+12,ENG,https://www.proquest.com/docview/2671558743?accountid=15181&bdid=109695&_bd=2%2FXvEcN6m6Orrq2lTCOu%2BqU735I%3D,
Optimal Task Scheduling and Flight Planning for Multi-Task Unmanned Aerial Vehicles,,"Liu, Bin",PQDT - Global,Dissertations & Theses,,,,2022-01-01,2022,,,,,,9.79838E+12,ENG,https://www.proquest.com/docview/2877961822?accountid=15181&bdid=109695&_bd=bafGcGxK13XlLpUOuiDtqj8vlZM%3D,
Exploring ethical intelligence through ancient wisdom and the lived experiences of senior business leaders,,"Opincar, John T.",ProQuest Dissertations and Theses,Dissertations & Theses,,,,2012-01-01,2012,,,,,,978-1-267-72798-5,ENG,https://www.proquest.com/docview/1170797273?accountid=15181&bdid=109695&_bd=aVJASJJMFjRH6tDf7n75DiQosRk%3D,
"Deep Learning for Optimization in Operations Research Enhancing Resource Allocation, Computational Efficiency, and Generalization",,"Liu, Chunrui",PQDT - Global,Dissertations & Theses,,,,2023-01-01,2023,,,,,,9.79835E+12,ENG,https://www.proquest.com/docview/3132876715?accountid=15181&bdid=109695&_bd=ua4Q7P5HFPg3QPyU5OZwMs7U6u8%3D,